id,left,top,right,bottom,n,distance,feature_x,feature_y,nearest_x,nearest_y
196,73.38,15.985,73.425,15.94,1,9949.34761,73.4025,15.9625,73.4548645,15.88986206
197,73.38,15.94,73.425,15.895,1,6565.72967,73.4025,15.9175,73.45458221,15.88958359
198,73.38,15.895,73.425,15.85,1,6052.936448,73.4025,15.8725,73.45458221,15.88847446
243,73.425,15.985,73.47,15.94,1,5334.900175,73.4475,15.9625,73.49041748,15.98402882
244,73.425,15.94,73.47,15.895,1,3111.92386,73.4475,15.9175,73.46541595,15.89597225
245,73.425,15.895,73.47,15.85,1,1889.789267,73.4475,15.8725,73.45625305,15.88708305
246,73.425,15.85,73.47,15.805,1,6691.328141,73.4475,15.8275,73.45625305,15.88708305
290,73.47,15.985,73.515,15.94,1,1135.273283,73.4925,15.9625,73.49986267,15.96958447
291,73.47,15.94,73.515,15.895,1,2928.290285,73.4925,15.9175,73.51013947,15.93708134
292,73.47,15.895,73.515,15.85,1,3500.087263,73.4925,15.8725,73.46457672,15.88708115
293,73.47,15.85,73.515,15.805,1,7296.262107,73.4925,15.8275,73.46430206,15.88680458
294,73.47,15.805,73.515,15.76,1,12005.31555,73.4925,15.7825,73.46430206,15.88680458
338,73.515,15.94,73.56,15.895,1,1689.457818,73.5375,15.9175,73.54708099,15.92930698
339,73.515,15.895,73.56,15.85,1,5651.971961,73.5375,15.8725,73.56874847,15.91263866
340,73.515,15.85,73.56,15.805,1,8904.031891,73.5375,15.8275,73.61292267,15.85458088
341,73.515,15.805,73.56,15.76,1,11575.75182,73.5375,15.7825,73.63625336,15.81569386
342,73.515,15.76,73.56,15.715,1,12364.88542,73.5375,15.7375,73.64848328,15.74569035
385,73.56,15.94,73.605,15.895,1,0,73.5825,15.9175,73.5825,15.9175
386,73.56,15.895,73.605,15.85,1,2385.284813,73.5825,15.8725,73.59874725,15.88653183
387,73.56,15.85,73.605,15.805,1,4525.48285,73.5825,15.8275,73.61292267,15.85458088
388,73.56,15.805,73.605,15.76,1,7019.527952,73.5825,15.7825,73.63625336,15.81569386
389,73.56,15.76,73.605,15.715,1,7387.665819,73.5825,15.7375,73.64848328,15.74569035
390,73.56,15.715,73.605,15.67,1,9416.862983,73.5825,15.6925,73.64848328,15.74569035
391,73.56,15.67,73.605,15.625,1,13144.42888,73.5825,15.6475,73.64848328,15.74569035
433,73.605,15.895,73.65,15.85,1,0,73.6275,15.8725,73.6275,15.8725
434,73.605,15.85,73.65,15.805,1,879.4285448,73.6275,15.8275,73.63485718,15.83041859
435,73.605,15.805,73.65,15.76,1,3031.491383,73.6275,15.7825,73.65429688,15.78763103
436,73.605,15.76,73.65,15.715,1,2502.762679,73.6275,15.7375,73.64848328,15.74569035
437,73.605,15.715,73.65,15.67,1,6220.113893,73.6275,15.6925,73.6673584,15.73180962
438,73.605,15.67,73.65,15.625,1,9198.592655,73.6275,15.6475,73.70513916,15.67624092
439,73.605,15.625,73.65,15.58,1,10905.78685,73.6275,15.6025,73.7179184,15.6406908
440,73.605,15.58,73.65,15.535,1,12093.62406,73.6275,15.5575,73.73124695,15.59041691
441,73.605,15.535,73.65,15.49,1,13820.91416,73.6275,15.5125,73.7409668,15.56347084
442,73.605,15.49,73.65,15.445,1,15508.38527,73.6275,15.4675,73.76431274,15.49514008
482,73.65,15.805,73.695,15.76,1,0,73.6725,15.7825,73.6725,15.7825
483,73.65,15.76,73.695,15.715,1,0,73.6725,15.7375,73.6725,15.7375
484,73.65,15.715,73.695,15.67,1,2548.94163,73.6725,15.6925,73.69403076,15.70041847
485,73.65,15.67,73.695,15.625,1,4607.855799,73.6725,15.6475,73.71291351,15.65680599
486,73.65,15.625,73.695,15.58,1,6361.57434,73.6725,15.6025,73.72264099,15.6301403
487,73.65,15.58,73.695,15.535,1,7476.558406,73.6725,15.5575,73.73179626,15.58930969
488,73.65,15.535,73.695,15.49,1,9483.958605,73.6725,15.5125,73.7409668,15.56347084
489,73.65,15.49,73.695,15.445,1,10653.56249,73.6725,15.4675,73.76431274,15.49514008
490,73.65,15.445,73.695,15.4,1,12289.2267,73.6725,15.4225,73.78263855,15.4123621
491,73.65,15.4,73.695,15.355,1,10140.55385,73.6725,15.3775,73.76069641,15.35402966
492,73.65,15.355,73.695,15.31,1,10038.1193,73.6725,15.3325,73.76069641,15.3520813
531,73.695,15.715,73.74,15.67,1,0,73.7175,15.6925,73.7175,15.6925
532,73.695,15.67,73.74,15.625,1,0,73.7175,15.6475,73.7175,15.6475
533,73.695,15.625,73.74,15.58,1,1602.124269,73.7175,15.6025,73.73097229,15.60763931
534,73.695,15.58,73.74,15.535,1,2684.188912,73.7175,15.5575,73.74041748,15.56514168
535,73.695,15.535,73.74,15.49,1,4932.712212,73.7175,15.5125,73.76013947,15.52486038
536,73.695,15.49,73.74,15.445,1,6034.660163,73.7175,15.4675,73.76457977,15.49458027
537,73.695,15.445,73.74,15.4,1,7324.675696,73.7175,15.4225,73.78263855,15.4123621
538,73.695,15.4,73.74,15.355,1,5462.259597,73.7175,15.3775,73.76069641,15.35402966
539,73.695,15.355,73.74,15.31,1,5269.657158,73.7175,15.3325,73.76069641,15.3520813
540,73.695,15.31,73.74,15.265,1,8616.9018,73.7175,15.2875,73.76125336,15.35153198
541,73.695,15.265,73.74,15.22,1,13021.22082,73.7175,15.2425,73.76319122,15.35041809
581,73.74,15.58,73.785,15.535,1,0,73.7625,15.5575,73.7625,15.5575
582,73.74,15.535,73.785,15.49,1,138.7352358,73.7625,15.5125,73.76374054,15.51264191
583,73.74,15.49,73.785,15.445,1,2631.1578,73.7625,15.4675,73.76847076,15.49041557
584,73.74,15.445,73.785,15.4,1,2505.125769,73.7625,15.4225,73.78263855,15.4123621
585,73.74,15.4,73.785,15.355,1,2484.449337,73.7625,15.3775,73.7625,15.35513973
586,73.74,15.355,73.785,15.31,1,1946.55861,73.7625,15.3325,73.76486206,15.34985924
587,73.74,15.31,73.785,15.265,1,6933.703666,73.7625,15.2875,73.76486206,15.34985924
588,73.74,15.265,73.785,15.22,1,11931.57167,73.7625,15.2425,73.76486206,15.34985924
589,73.74,15.22,73.785,15.175,1,16903.22791,73.7625,15.1975,73.78125,15.34847069
630,73.785,15.49,73.83,15.445,1,0,73.8075,15.4675,73.8075,15.4675
631,73.785,15.445,73.83,15.4,1,1365.86612,73.8075,15.4225,73.80097198,15.41208363
632,73.785,15.4,73.83,15.355,1,22.13678531,73.8075,15.3775,73.80764008,15.37764168
633,73.785,15.355,73.83,15.31,1,3265.129248,73.8075,15.3325,73.78320313,15.34902954
634,73.785,15.31,73.83,15.265,1,7333.529785,73.8075,15.2875,73.78291321,15.34875202
635,73.785,15.265,73.83,15.22,1,12108.38095,73.8075,15.2425,73.7820816,15.34847069
636,73.785,15.22,73.83,15.175,1,13678.75081,73.8075,15.1975,73.92597198,15.23097324
637,73.785,15.175,73.83,15.13,1,13161.70187,73.8075,15.1525,73.9173584,15.1081934
678,73.83,15.445,73.875,15.4,1,1202.659296,73.8525,15.4225,73.86152649,15.42847347
679,73.83,15.4,73.875,15.355,1,0,73.8525,15.3775,73.8525,15.3775
680,73.83,15.355,73.875,15.31,1,3143.622183,73.8525,15.3325,73.8501358,15.36069393
681,73.83,15.31,73.875,15.265,1,6003.425361,73.8525,15.2875,73.90402985,15.30375004
682,73.83,15.265,73.875,15.22,1,7515.492727,73.8525,15.2425,73.91652679,15.26431179
683,73.83,15.22,73.875,15.175,1,8856.919856,73.8525,15.1975,73.93096924,15.21152687
684,73.83,15.175,73.875,15.13,1,8727.396539,73.8525,15.1525,73.9173584,15.1081934
685,73.83,15.13,73.875,15.085,1,7060.593382,73.8525,15.1075,73.91208649,15.08541965
686,73.83,15.085,73.875,15.04,1,7010.022566,73.8525,15.0625,73.9118042,15.08402824
726,73.875,15.4,73.92,15.355,1,0,73.8975,15.3775,73.8975,15.3775
727,73.875,15.355,73.92,15.31,1,0,73.8975,15.3325,73.8975,15.3325
728,73.875,15.31,73.92,15.265,1,1240.69826,73.8975,15.2875,73.90791321,15.29153156
729,73.875,15.265,73.92,15.22,1,2742.138488,73.8975,15.2425,73.9209671,15.25014019
730,73.875,15.22,73.92,15.175,1,4023.666437,73.8975,15.1975,73.93264008,15.20625114
731,73.875,15.175,73.92,15.13,1,4740.76526,73.8975,15.1525,73.93540955,15.13292027
732,73.875,15.13,73.92,15.085,1,2206.954896,73.8975,15.1075,73.9173584,15.10791779
733,73.875,15.085,73.92,15.04,1,2871.877358,73.8975,15.0625,73.9118042,15.08402824
734,73.875,15.04,73.92,14.995,1,7560.884359,73.8975,15.0175,73.9118042,15.08402824
735,73.875,14.995,73.92,14.95,1,11385.99235,73.8975,14.9725,73.98542023,15.02514172
736,73.875,14.95,73.92,14.905,1,14469.84757,73.8975,14.9275,73.98902893,15.02014065
776,73.92,15.265,73.965,15.22,1,0,73.9425,15.2425,73.9425,15.2425
777,73.92,15.22,73.965,15.175,1,0,73.9425,15.1975,73.9425,15.1975
778,73.92,15.175,73.965,15.13,1,409.7129812,73.9425,15.1525,73.94596863,15.15375137
779,73.92,15.13,73.965,15.085,1,0,73.9425,15.1075,73.9425,15.1075
780,73.92,15.085,73.965,15.04,1,1373.474141,73.9425,15.0625,73.94264221,15.07486057
781,73.92,15.04,73.965,14.995,1,4843.862991,73.9425,15.0175,73.98542023,15.02514172
782,73.92,14.995,73.965,14.95,1,7399.102406,73.9425,14.9725,73.98902893,15.02014065
783,73.92,14.95,73.965,14.905,1,11083.76996,73.9425,14.9275,74.04207611,14.92152977
784,73.92,14.905,73.965,14.86,1,11838.98034,73.9425,14.8825,74.04207611,14.92041969
785,73.92,14.86,73.965,14.815,1,12639.37652,73.9425,14.8375,74.05430603,14.81653023
786,73.92,14.815,73.965,14.77,1,12699.94768,73.9425,14.7925,74.05430603,14.81624985
827,73.965,15.085,74.01,15.04,1,0,73.9875,15.0625,73.9875,15.0625
828,73.965,15.04,74.01,14.995,1,339.0339222,73.9875,15.0175,73.98902893,15.02014065
829,73.965,14.995,74.01,14.95,1,4732.183096,73.9875,14.9725,74.01235962,15.00708199
830,73.965,14.95,74.01,14.905,1,6100.126732,73.9875,14.9275,74.04207611,14.92152977
831,73.965,14.905,74.01,14.86,1,7341.372474,73.9875,14.8825,74.04292297,14.91847134
832,73.965,14.86,74.01,14.815,1,7779.90366,73.9875,14.8375,74.05430603,14.81653023
833,73.965,14.815,74.01,14.77,1,7877.926963,73.9875,14.7925,74.05430603,14.81624985
834,73.965,14.77,74.01,14.725,1,10650.27847,73.9875,14.7475,74.05458069,14.81596947
875,74.01,15.04,74.055,14.995,1,0,74.0325,15.0175,74.0325,15.0175
876,74.01,14.995,74.055,14.95,1,1126.649122,74.0325,14.9725,74.0348587,14.98236179
877,74.01,14.95,74.055,14.905,1,1207.793503,74.0325,14.9275,74.0423584,14.92292023
878,74.01,14.905,74.055,14.86,1,4000.138495,74.0325,14.8825,74.04708099,14.91541672
879,74.01,14.86,74.055,14.815,1,3343.723689,74.0325,14.8375,74.05708313,14.82014179
880,74.01,14.815,74.055,14.77,1,3580.385394,74.0325,14.7925,74.05458069,14.81596947
881,74.01,14.77,74.055,14.725,1,7959.737793,74.0325,14.7475,74.08625031,14.79485989
924,74.055,14.95,74.1,14.905,1,0,74.0775,14.9275,74.0775,14.9275
925,74.055,14.905,74.1,14.86,1,1932.163559,74.0775,14.8825,74.09402466,14.87708378
926,74.055,14.86,74.1,14.815,1,1713.764827,74.0775,14.8375,74.0929184,14.83708286
927,74.055,14.815,74.1,14.77,1,1006.983398,74.0775,14.7925,74.08625031,14.79485989
928,74.055,14.77,74.1,14.725,1,3603.42915,74.0775,14.7475,74.10791779,14.75874901
972,74.1,14.905,74.145,14.86,1,0,74.1225,14.8825,74.1225,14.8825
973,74.1,14.86,74.145,14.815,1,231.6642821,74.1225,14.8375,74.12458038,14.83736134
974,74.1,14.815,74.145,14.77,1,0,74.1225,14.7925,74.1225,14.7925
975,74.1,14.77,74.145,14.725,1,697.5383936,74.1225,14.7475,74.11985779,14.75319481
1022,74.145,14.77,74.19,14.725,1,546.8261321,74.1675,14.7475,74.16819763,14.75237179
1069,74.19,14.77,74.235,14.725,1,0,74.2125,14.7475,74.2125,14.7475
1116,74.235,14.77,74.28,14.725,1,0,74.2575,14.7475,74.2575,14.7475
