Start,Waypoint_number,Distance_m,Angle,N_min,N_max,N_best,Start.location,End.location,Comments,X_index,rep,Test,ele,xcoord,ycoord,Transect.ID
19-04-2025,353,60,40,1,2,1,Morjim,Miramar,,79,1,30,0.819221,73.72872,15.557544,1
19-04-2025,358,250,-120,4,6,5,,,,80,1,150,-0.211784,73.740419,15.539023,1
20-04-2025,388,50,-30,1,2,2,Miramar,Betul,,81,1,30,-0.445953,73.800961,15.384964,2
20-04-2025,391,450,-120,1,2,2,,,,82,1,200,0.182854,73.799876,15.372296,2
20-04-2025,392,400,-70,2,2,2,,,,83,1,200,0.647972,73.799413,15.367415,2
20-04-2025,396,200,60,2,3,3,,,,84,1,80,-0.825577,73.828919,15.364908,2
20-04-2025,402,250,-20,5,7,6,,,,85,1,160,-1.625671,73.867143,15.365006,2
20-04-2025,407,200,-20,9,12,9,,,Moving with a trawler,86,1,100,1.696236,73.882498,15.344458,2
20-04-2025,408,350,-90,1,1,1,,,,87,1,180,1.090088,73.88184,15.340028,2
20-04-2025,410,450,-10,2,2,2,,,,88,1,200,-0.035103,73.878365,15.331184,2
20-04-2025,412,120,20,1,2,1,,,,89,1,80,-0.748169,73.876058,15.324819,2
20-04-2025,413,200,-90,1,1,1,,,Following a ps boat?,90,1,120,0.338341,73.87501,15.322667,2
20-04-2025,414,180,0,1,1,1,,,,91,1,80,-0.928825,73.876895,15.320145,2
20-04-2025,415,200,30,1,1,1,,,,92,1,90,0.24617,73.877942,15.319979,2
20-04-2025,416,420,-40,3,6,5,,,,93,1,220,2.638054,73.879291,15.319763,2
20-04-2025,417,350,20,1,1,1,,,Many dolphins in this area,94,1,180,0.730133,73.881121,15.319655,2
20-04-2025,418,180,90,10,13,10,,,,95,1,90,-0.211517,73.882949,15.319539,2
20-04-2025,419,120,-40,3,5,3,,,,96,1,60,0.45002,73.884636,15.319522,2
20-04-2025,422,200,30,2,3,3,,,Fish shoals around,97,1,110,2.281235,73.890731,15.311598,2
20-04-2025,423,30,-90,1,2,2,,,,98,1,30,2.178696,73.889701,15.310158,2
20-04-2025,428,350,0,1,2,2,,,Next to a large purse seine,99,1,160,1.025688,73.890578,15.283353,2
20-04-2025,429,160,-30,1,1,1,,,Near 2 purse seines,100,1,80,2.789368,73.888956,15.28157,2
20-04-2025,430,350,-90,4,5,5,,,,101,1,200,4.310204,73.887646,15.280331,2
20-04-2025,432,500,90,2,3,3,,,,102,1,300,1.891891,73.892215,15.275884,2
20-04-2025,433,150,30,2,2,2,,,,103,1,80,1.166862,73.896093,15.274453,2
20-04-2025,434,200,60,1,1,1,,,,104,1,100,1.978416,73.898572,15.273515,2
20-04-2025,435,250,30,2,3,2,,,,105,1,120,2.076134,73.901051,15.272641,2
20-04-2025,436,20,0,3,4,3,,,,106,1,30,2.636635,73.903006,15.271954,2
20-04-2025,439,100,-40,1,1,1,,,,107,1,70,0.54821,73.909273,15.263499,2
20-04-2025,442,200,0,1,1,1,,,,108,1,110,2.216019,73.903502,15.251537,2
20-04-2025,449,200,0,1,1,1,,,,109,1,90,2.025879,73.912074,15.205883,2
20-04-2025,450,150,-60,3,4,3,,,,110,1,90,1.990723,73.911086,15.204845,2
20-04-2025,451,200,0,2,2,2,,,,111,1,100,3.464043,73.913196,15.19982,2
20-04-2025,455,250,90,3,3,3,,,,112,1,140,3.60038,73.93042,15.158239,2
21-04-2025,461,180,-30,3,5,4,Betul,Rajbagh,,113,1,100,-0.134895,73.929581,15.134373,3
21-04-2025,462,400,-90,1,1,1,,,,114,1,200,0.446648,73.928229,15.13435,3
21-04-2025,463,300,-90,2,3,2,,,,115,1,150,0.062355,73.927637,15.134034,3
21-04-2025,465,100,-30,2,3,2,,,,116,1,80,1.04657,73.923174,15.123711,3
21-04-2025,469,120,20,2,3,2,,,,117,1,60,-2.076286,73.914893,15.107722,3
21-04-2025,472,500,10,2,4,3,,,,118,1,250,-1.397949,73.910979,15.092286,3
21-04-2025,473,60,-60,2,3,2,,,,119,1,50,-0.599144,73.907074,15.090589,3
21-04-2025,474,100,0,2,4,3,,,,120,1,90,-0.093491,73.90492,15.089609,3
21-04-2025,475,250,60,1,2,2,,,,122,1,150,-0.2892,73.903115,15.086706,3
21-04-2025,476,250,-80,3,4,3,,,,121,1,150,-0.596085,73.905453,15.08578,3
21-04-2025,476,80,0,1,2,1,,,,123,1,40,-0.596085,73.905453,15.08578,3
21-04-2025,477,400,30,1,1,1,,,,124,1,220,-1.093735,73.908005,15.084695,3
21-04-2025,478,120,60,3,5,4,,,,125,1,80,-0.882378,73.90962,15.083838,3
21-04-2025,479,600,90,1,2,2,,,,126,1,300,-0.751656,73.911928,15.08228,3
21-04-2025,485,300,-50,1,1,1,,,Behind trawler,127,1,150,1.394119,73.935968,15.057631,3
21-04-2025,486,180,0,1,1,1,,,Behind trawler,128,1,90,2.198807,73.93725,15.057396,3
21-04-2025,493,350,-50,1,1,1,,,,129,1,220,1.468567,73.968607,15.041375,3
21-04-2025,494,180,10,1,3,2,,,,130,1,100,2.765984,73.974931,15.040087,3
21-04-2025,496,450,-20,1,1,1,,,,131,1,250,2.717308,73.979256,15.032857,3
21-04-2025,503,100,0,1,1,1,,,,132,1,60,2.320595,74.006376,15.010716,3
21-04-2025,509,220,0,1,1,1,,,,133,1,120,3.76944,74.02927,14.983316,3
21-04-2025,511,160,-10,2,5,3,,,,134,1,80,6.149445,74.023291,14.970713,3
21-04-2025,513,140,-45,2,2,2,,,,135,1,80,4.18119,74.041888,14.961712,3
22-04-2025,531,500,-10,2,3,2,Rajbagh,Betul,,137,2,300,1.453552,74.013049,14.992375,3
22-04-2025,532,150,-45,1,1,1,,,,138,2,100,2.149849,74.013666,14.994108,3
22-04-2025,533,150,-90,1,1,1,,,,139,2,100,2.504051,74.014042,14.995107,3
22-04-2025,534,250,0,2,3,2,,,Plenty of fish shoals,140,2,120,1.786026,74.014682,14.996866,3
22-04-2025,538,350,70,1,1,1,,,,141,2,160,1.575027,74.01168,15.004473,3
22-04-2025,544,150,-50,1,1,1,,,,142,2,80,2.0662,73.982455,15.027664,3
22-04-2025,565,10,50,1,1,1,,,,143,2,10,1.039589,73.932175,15.129739,3
23-04-2025,574,150,20,1,1,1,Betul,Miramar,Replicate,149,2,80,1.059486,73.927836,15.153825,2
23-04-2025,588,60,0,2,3,2,,,,144,2,50,0.259995,73.90343,15.242264,2
23-04-2025,600,80,0,1,1,1,,,Close to purse seine,145,2,50,2.26844,73.890889,15.321452,2
23-04-2025,605,160,10,2,2,2,,,Very calm waters,146,2,80,-0.497604,73.874233,15.358478,2
23-04-2025,615,120,90,3,5,3,,,,147,2,70,0.633224,73.798609,15.381044,2
23-04-2025,628,60,10,1,2,1,,,Inside the bay,148,2,30,4.255165,73.815143,15.439472,2
24-04-2025,642,60,60,1,1,1,Miramar,Morjim,,151,2,30,0.667442,73.771938,15.471034,1
24-04-2025,650,180,30,1,1,1,,,,152,2,100,0.143623,73.759221,15.515121,1
24-04-2025,651,300,-50,1,1,1,,,,153,2,150,-2.590889,73.753509,15.524435,1
24-04-2025,653,700,40,2,3,3,,,Jumps,154,2,400,-0.106331,73.749742,15.528722,1
24-04-2025,654,180,20,3,3,3,,,Behind trawler,155,2,80,-1.430725,73.748125,15.53056,1
24-04-2025,655,200,-20,2,3,2,,,Trawler ,156,2,100,-0.407982,73.747194,15.532145,1
24-04-2025,657,200,60,4,5,4,,,,157,2,90,1.545738,73.74521,15.535502,1
24-04-2025,657,180,80,5,6,5,,,,158,2,100,1.545738,73.74521,15.535502,1
24-04-2025,658,260,30,3,5,3,,,,159,2,120,0.884148,73.74463,15.537105,1
24-04-2025,660,130,10,8,12,8,,,,160,2,60,1.461998,73.745135,15.540661,1
24-04-2025,661,320,-10,1,2,2,,,,161,2,150,0.383018,73.744438,15.544078,1
24-04-2025,662,300,80,3,5,5,,,,162,2,140,0.872803,73.744844,15.547242,1
24-04-2025,663,500,-50,3,5,3,,,,163,2,250,0.736359,73.74582,15.551513,1
24-04-2025,672,170,0,1,1,1,,,,164,2,80,-0.055542,73.719461,15.607338,1
24-04-2025,675,450,-60,2,3,2,,,1 ps nearby,165,1,250,-0.411888,73.720827,15.628689,4
24-04-2025,676,200,-80,5,8,6,,,,166,1,100,0.898857,73.717022,15.630937,4
24-04-2025,677,300,-90,3,5,3,,,,167,1,150,1.65107,73.715573,15.631716,4
24-04-2025,678,600,-90,3,3,3,,,,168,1,250,2.514046,73.71384,15.6321,4
24-04-2025,680,300,-20,4,6,5,,,,169,1,140,0.047333,73.707169,15.639524,4
24-04-2025,683,200,60,2,2,2,,,,170,1,90,3.124847,73.705402,15.661611,4
24-04-2025,685,400,30,0,0,0,,,False id,171,1,200,1.206467,73.701881,15.664043,4
24-04-2025,686,400,-10,3,4,3,,,,172,1,200,1.253319,73.698041,15.667936,4
24-04-2025,694,400,-10,3,5,3,,,,173,1,250,2.646507,73.682417,15.712895,4
24-04-2025,695,300,-20,1,1,1,,,,174,1,160,2.230453,73.683911,15.714567,4
24-04-2025,699,300,-60,2,3,2,,,,175,2,150,2.741516,73.689001,15.695391,4
24-04-2025,702,300,20,3,5,3,,,,176,2,160,2.480103,73.685891,15.678249,4
24-04-2025,702,420,-90,1,1,1,,,,177,2,200,2.480103,73.685891,15.678249,4
24-04-2025,707,500,30,2,4,4,,,,178,2,250,4.579597,73.709476,15.640447,4
