ele,time,name,xcoord,ycoord,zcoord
0.073914,19-04-2025 01:19,344,73.737992,15.611936,0.073914
-0.15683,19-04-2025 01:25,345,73.727711,15.605711,-0.15683
-0.952271,19-04-2025 01:31,346,73.723752,15.598133,-0.952271
-1.561691,19-04-2025 01:36,347,73.717376,15.58949,-1.561691
1.068169,19-04-2025 01:43,348,73.723847,15.581717,1.068169
1.434692,19-04-2025 01:46,349,73.728659,15.578668,1.434692
0.379234,19-04-2025 01:57,350,73.726783,15.565991,0.379234
0.215492,19-04-2025 01:57,351,73.726666,15.565847,0.215492
-0.742805,19-04-2025 02:01,352,73.725286,15.559827,-0.742805
0.819221,19-04-2025 02:04,353,73.72872,15.557544,0.819221
-1.286697,19-04-2025 02:07,354,73.7347,15.553797,-1.286697
-1.152962,19-04-2025 02:13,355,73.743676,15.551202,-1.152962
-0.856735,19-04-2025 02:18,356,73.746332,15.546688,-0.856735
-0.189758,19-04-2025 02:23,357,73.741806,15.540707,-0.189758
-0.211784,19-04-2025 02:24,358,73.740419,15.539023,-0.211784
0.611626,19-04-2025 02:27,359,73.737883,15.534243,0.611626
0.617355,19-04-2025 02:32,360,73.737914,15.527917,0.617355
0.818398,19-04-2025 02:38,361,73.747927,15.527507,0.818398
1.305084,19-04-2025 02:44,362,73.756709,15.526531,1.305084
-1.517159,19-04-2025 02:52,363,73.748334,15.516212,-1.517159
0.282204,19-04-2025 03:02,364,73.754835,15.505071,0.282204
0.257095,19-04-2025 03:06,365,73.760378,15.499399,0.257095
-0.302681,19-04-2025 03:11,366,73.764326,15.492766,-0.302681
1.91526,19-04-2025 03:18,367,73.773036,15.48775,1.91526
0.301079,19-04-2025 03:25,368,73.780979,15.489756,0.301079
0.386124,19-04-2025 03:30,369,73.787564,15.488972,0.386124
0.313705,19-04-2025 03:35,370,73.788552,15.480569,0.313705
1.19503,19-04-2025 03:39,371,73.789027,15.471251,1.19503
2.628998,19-04-2025 03:43,372,73.793799,15.464065,2.628998
2.551483,19-04-2025 03:47,373,73.797593,15.462212,2.551483
-0.33799,20-04-2025 01:26,374,73.79755,15.462363,-0.33799
-0.462318,20-04-2025 01:31,375,73.789852,15.466374,-0.462318
-2.582886,20-04-2025 01:36,376,73.782085,15.462725,-2.582886
1.336761,20-04-2025 01:40,377,73.780716,15.454358,1.336761
-0.533936,20-04-2025 01:46,378,73.779807,15.445214,-0.533936
-1.332672,20-04-2025 01:51,379,73.774361,15.436993,-1.332672
0.795815,20-04-2025 01:55,380,73.772078,15.430255,0.795815
0.880096,20-04-2025 02:00,381,73.770195,15.421673,0.880096
0.250397,20-04-2025 02:06,382,73.776192,15.41298,0.250397
-0.243858,20-04-2025 02:10,383,73.781037,15.407015,-0.243858
-1.374382,20-04-2025 02:15,384,73.779355,15.39953,-1.374382
-0.312401,20-04-2025 02:20,385,73.784566,15.393475,-0.312401
-0.878792,20-04-2025 02:24,386,73.790221,15.390874,-0.878792
1.070122,20-04-2025 02:29,387,73.797644,15.387225,1.070122
-0.445953,20-04-2025 02:32,388,73.800961,15.384964,-0.445953
0.36544,20-04-2025 02:33,389,73.80065,15.382734,0.36544
0.045692,20-04-2025 02:37,390,73.800839,15.37572,0.045692
0.182854,20-04-2025 02:39,391,73.799876,15.372296,0.182854
0.647972,20-04-2025 02:42,392,73.799413,15.367415,0.647972
-0.025063,20-04-2025 02:47,393,73.807985,15.366095,-0.025063
-0.8881,20-04-2025 02:53,394,73.818865,15.36594,-0.8881
-0.806938,20-04-2025 02:58,395,73.826288,15.367194,-0.806938
-0.825577,20-04-2025 03:00,396,73.828919,15.364908,-0.825577
0.588219,20-04-2025 03:03,397,73.828351,15.360077,0.588219
-0.9636,20-04-2025 03:09,398,73.837466,15.358837,-0.9636
-1.503845,20-04-2025 03:15,399,73.848095,15.358218,-1.503845
-0.638573,20-04-2025 03:20,400,73.855545,15.360704,-0.638573
-0.761604,20-04-2025 03:24,401,73.863732,15.36368,-0.761604
-1.625671,20-04-2025 03:26,402,73.867143,15.365006,-1.625671
-1.488426,20-04-2025 03:29,403,73.86981,15.363406,-1.488426
-1.422882,20-04-2025 03:34,404,73.866546,15.355046,-1.422882
-1.066856,20-04-2025 03:38,405,73.869382,15.350343,-1.066856
0.87645,20-04-2025 03:43,406,73.878624,15.350608,0.87645
1.696236,20-04-2025 03:48,407,73.882498,15.344458,1.696236
1.090088,20-04-2025 03:51,408,73.88184,15.340028,1.090088
1.100807,20-04-2025 03:53,409,73.880775,15.336618,1.100807
-0.035103,20-04-2025 03:56,410,73.878365,15.331184,-0.035103
-0.762383,20-04-2025 03:57,411,73.877178,15.328579,-0.762383
-0.748169,20-04-2025 04:00,412,73.876058,15.324819,-0.748169
0.338341,20-04-2025 04:01,413,73.87501,15.322667,0.338341
-0.928825,20-04-2025 04:03,414,73.876895,15.320145,-0.928825
0.24617,20-04-2025 04:04,415,73.877942,15.319979,0.24617
2.638054,20-04-2025 04:05,416,73.879291,15.319763,2.638054
0.730133,20-04-2025 04:06,417,73.881121,15.319655,0.730133
-0.211517,20-04-2025 04:07,418,73.882949,15.319539,-0.211517
0.45002,20-04-2025 04:08,419,73.884636,15.319522,0.45002
0.53968,20-04-2025 04:13,420,73.893957,15.321126,0.53968
2.068558,20-04-2025 04:17,421,73.891892,15.313721,2.068558
2.281235,20-04-2025 04:19,422,73.890731,15.311598,2.281235
2.178696,20-04-2025 04:20,423,73.889701,15.310158,2.178696
2.26667,20-04-2025 04:22,424,73.887324,15.306928,2.26667
1.619339,20-04-2025 04:27,425,73.889595,15.300914,1.619339
0.254074,20-04-2025 04:31,426,73.898555,15.299014,0.254074
1.901306,20-04-2025 04:36,427,73.897547,15.292643,1.901306
1.025688,20-04-2025 04:42,428,73.890578,15.283353,1.025688
2.789368,20-04-2025 04:43,429,73.888956,15.28157,2.789368
4.310204,20-04-2025 04:44,430,73.887646,15.280331,4.310204
2.194748,20-04-2025 04:46,431,73.886995,15.278226,2.194748
1.891891,20-04-2025 04:49,432,73.892215,15.275884,1.891891
1.166862,20-04-2025 04:51,433,73.896093,15.274453,1.166862
1.978416,20-04-2025 04:52,434,73.898572,15.273515,1.978416
2.076134,20-04-2025 04:54,435,73.901051,15.272641,2.076134
2.636635,20-04-2025 04:55,436,73.903006,15.271954,2.636635
0.584343,20-04-2025 04:57,437,73.906616,15.270815,0.584343
-0.295502,20-04-2025 05:00,438,73.91165,15.269251,-0.295502
0.54821,20-04-2025 05:03,439,73.909273,15.263499,0.54821
0.92878,20-04-2025 05:06,440,73.907298,15.25926,0.92878
1.254562,20-04-2025 05:10,441,73.903478,15.252791,1.254562
2.216019,20-04-2025 05:11,442,73.903502,15.251537,2.216019
1.509857,20-04-2025 05:15,443,73.902705,15.244336,1.509857
0.920029,20-04-2025 05:19,444,73.90643,15.238169,0.920029
0.919235,20-04-2025 05:24,445,73.913971,15.232657,0.919235
1.794594,20-04-2025 05:30,446,73.923305,15.22564,1.794594
1.154381,20-04-2025 05:35,447,73.921222,15.218511,1.154381
2.277542,20-04-2025 05:38,448,73.91837,15.213497,2.277542
2.025879,20-04-2025 05:43,449,73.912074,15.205883,2.025879
1.990723,20-04-2025 05:43,450,73.911086,15.204845,1.990723
3.464043,20-04-2025 05:47,451,73.913196,15.19982,3.464043
2.076393,20-04-2025 05:52,452,73.919328,15.1927,2.076393
3.022881,20-04-2025 05:56,453,73.925406,15.186645,3.022881
4.848175,20-04-2025 06:05,454,73.930307,15.17285,4.848175
3.60038,20-04-2025 06:14,455,73.93042,15.158239,3.60038
2.101242,20-04-2025 06:19,456,73.937098,15.152369,2.101242
1.809479,20-04-2025 06:24,457,73.944626,15.145404,1.809479
-0.152931,20-04-2025 06:27,458,73.948956,15.142528,-0.152931
-6.620911,21-04-2025 01:02,459,73.946205,15.142699,-6.620911
1.106224,21-04-2025 01:06,460,73.938997,15.138958,1.106224
-0.134895,21-04-2025 01:11,461,73.929581,15.134373,-0.134895
0.446648,21-04-2025 01:12,462,73.928229,15.13435,0.446648
0.062355,21-04-2025 01:14,463,73.927637,15.134034,0.062355
0.830223,21-04-2025 01:16,464,73.92298,15.13211,0.830223
1.04657,21-04-2025 01:20,465,73.923174,15.123711,1.04657
-0.070976,21-04-2025 01:25,466,73.92522,15.115026,-0.070976
-1.553246,21-04-2025 01:30,467,73.920044,15.113376,-1.553246
-0.988716,21-04-2025 01:34,468,73.911983,15.113138,-0.988716
-2.076286,21-04-2025 01:37,469,73.914893,15.107722,-2.076286
-0.837921,21-04-2025 01:38,470,73.917377,15.105425,-0.837921
-1.110405,21-04-2025 01:48,471,73.912913,15.093337,-1.110405
-1.397949,21-04-2025 01:49,472,73.910979,15.092286,-1.397949
-0.599144,21-04-2025 01:51,473,73.907074,15.090589,-0.599144
-0.093491,21-04-2025 01:52,474,73.90492,15.089609,-0.093491
-0.2892,21-04-2025 01:55,475,73.903115,15.086706,-0.2892
-0.596085,21-04-2025 01:57,476,73.905453,15.08578,-0.596085
-1.093735,21-04-2025 01:58,477,73.908005,15.084695,-1.093735
-0.882378,21-04-2025 01:59,478,73.90962,15.083838,-0.882378
-0.751656,21-04-2025 02:01,479,73.911928,15.08228,-0.751656
-0.309807,21-04-2025 02:02,480,73.91367,15.081435,-0.309807
0.801384,21-04-2025 02:07,481,73.921321,15.077697,0.801384
0.943428,21-04-2025 02:11,482,73.928469,15.074925,0.943428
0.480942,21-04-2025 02:17,483,73.93141,15.063423,0.480942
0.471413,21-04-2025 02:20,484,73.932109,15.058473,0.471413
1.394119,21-04-2025 02:22,485,73.935968,15.057631,1.394119
2.198807,21-04-2025 02:22,486,73.93725,15.057396,2.198807
2.377792,21-04-2025 02:25,487,73.94206,15.05627,2.377792
0.94117,21-04-2025 02:31,488,73.953828,15.055598,0.94117
1.002174,21-04-2025 02:36,489,73.963335,15.057198,1.002174
0.053703,21-04-2025 02:39,490,73.963461,15.052736,0.053703
1.265457,21-04-2025 02:44,491,73.959634,15.044759,1.265457
1.534729,21-04-2025 02:48,492,73.963068,15.042734,1.534729
1.468567,21-04-2025 02:51,493,73.968607,15.041375,1.468567
2.765984,21-04-2025 02:55,494,73.974931,15.040087,2.765984
3.519745,21-04-2025 02:58,495,73.980922,15.038602,3.519745
2.717308,21-04-2025 03:02,496,73.979256,15.032857,2.717308
1.829048,21-04-2025 03:03,497,73.977633,15.030463,1.829048
1.327156,21-04-2025 03:10,498,73.971745,15.021131,1.327156
1.044891,21-04-2025 03:13,499,73.974018,15.017921,1.044891
0.040977,21-04-2025 03:18,500,73.982992,15.015746,0.040977
0.184906,21-04-2025 03:23,501,73.991762,15.013826,0.184906
0.781158,21-04-2025 03:28,502,74.000663,15.010624,0.781158
2.320595,21-04-2025 03:31,503,74.006376,15.010716,2.320595
-0.31002,21-04-2025 03:33,504,74.007024,15.007809,-0.31002
1.714951,21-04-2025 03:38,505,74.00604,14.998873,1.714951
2.302719,21-04-2025 03:43,506,74.012806,14.994543,2.302719
1.508316,21-04-2025 03:48,507,74.021393,14.991029,1.508316
1.95797,21-04-2025 03:53,508,74.030034,14.987659,1.95797
3.76944,21-04-2025 03:56,509,74.02927,14.983316,3.76944
3.976662,21-04-2025 04:02,510,74.022898,14.973161,3.976662
6.149445,21-04-2025 04:05,511,74.023291,14.970713,6.149445
4.945847,21-04-2025 04:12,512,74.036327,14.963809,4.945847
4.18119,21-04-2025 04:14,513,74.041888,14.961712,4.18119
4.278526,21-04-2025 04:21,514,74.039021,14.949738,4.278526
4.960571,21-04-2025 04:25,515,74.035012,14.941548,4.960571
5.00724,21-04-2025 04:28,516,74.033374,14.935644,5.00724
4.049568,21-04-2025 04:33,517,74.038693,14.925438,4.049568
2.139023,21-04-2025 04:36,518,74.042434,14.918539,2.139023
1.265945,21-04-2025 04:40,519,74.041419,14.923412,1.265945
2.566025,21-04-2025 04:44,520,74.040221,14.931618,2.566025
3.327156,21-04-2025 04:48,521,74.038098,14.940121,3.327156
2.597298,21-04-2025 04:53,522,74.030977,14.947354,2.597298
4.210503,21-04-2025 05:01,523,74.031642,14.965437,4.210503
1.408531,21-04-2025 05:04,524,74.032095,14.972572,1.408531
2.110786,21-04-2025 05:08,525,74.032211,14.981489,2.110786
2.313637,21-04-2025 05:11,526,74.03611,14.984683,2.313637
1.822891,22-04-2025 01:13,527,74.038806,14.984051,1.822891
1.550095,22-04-2025 01:17,528,74.030037,14.984481,1.550095
4.206276,22-04-2025 01:22,529,74.020617,14.986892,4.206276
2.530884,22-04-2025 01:26,530,74.012388,14.988662,2.530884
1.453552,22-04-2025 01:28,531,74.013049,14.992375,1.453552
2.149849,22-04-2025 01:29,532,74.013666,14.994108,2.149849
2.504051,22-04-2025 01:29,533,74.014042,14.995107,2.504051
1.786026,22-04-2025 01:30,534,74.014682,14.996866,1.786026
1.635742,22-04-2025 01:31,535,74.015106,14.998229,1.635742
2.315453,22-04-2025 01:34,536,74.018114,15.00495,2.315453
1.898041,22-04-2025 01:39,537,74.013881,15.005,1.898041
1.575027,22-04-2025 01:40,538,74.01168,15.004473,1.575027
1.912216,22-04-2025 01:44,539,74.005688,15.009837,1.912216
0.952347,22-04-2025 01:47,540,74.000071,15.011722,0.952347
1.898903,22-04-2025 01:52,541,73.990957,15.010013,1.898903
2.600006,22-04-2025 01:56,542,73.98235,15.011912,2.600006
2.321449,22-04-2025 02:00,543,73.981575,15.021038,2.321449
2.0662,22-04-2025 02:04,544,73.982455,15.027664,2.0662
1.992554,22-04-2025 02:04,545,73.982802,15.029037,1.992554
1.52121,22-04-2025 02:09,546,73.976293,15.03346,1.52121
2.930397,22-04-2025 02:13,547,73.96967,15.038205,2.930397
4.930969,22-04-2025 02:19,548,73.96846,15.048273,4.930969
2.829285,22-04-2025 02:22,549,73.967229,15.055148,2.829285
1.599945,22-04-2025 02:32,550,73.947689,15.054006,1.599945
0.945671,22-04-2025 02:36,551,73.94079,15.057397,0.945671
0.135941,22-04-2025 02:41,552,73.934462,15.065565,0.135941
0.82283,22-04-2025 02:45,553,73.930601,15.071921,0.82283
1.585159,22-04-2025 02:49,554,73.927214,15.079605,1.585159
2.049797,22-04-2025 02:53,555,73.918809,15.078742,2.049797
-1.913528,22-04-2025 02:58,556,73.909786,15.078065,-1.913528
1.632088,22-04-2025 03:02,557,73.906492,15.081935,1.632088
4.024376,22-04-2025 03:07,558,73.914082,15.088561,4.024376
1.336685,22-04-2025 03:12,559,73.921181,15.095942,1.336685
0.629745,22-04-2025 03:16,560,73.922501,15.101313,0.629745
1.648651,22-04-2025 03:21,561,73.915636,15.10786,1.648651
3.569084,22-04-2025 03:28,562,73.923947,15.114353,3.569084
3.676109,22-04-2025 03:31,563,73.928659,15.118068,3.676109
3.094101,22-04-2025 03:35,564,73.935437,15.123467,3.094101
1.039589,22-04-2025 03:40,565,73.932175,15.129739,1.039589
4.33934,22-04-2025 03:40,566,73.931364,15.13045,4.33934
0.826546,22-04-2025 03:45,567,73.924619,15.134649,0.826546
5.789268,22-04-2025 03:50,568,73.933391,15.13848,5.789268
6.134758,22-04-2025 03:55,569,73.942188,15.141719,6.134758
2.529724,22-04-2025 03:56,570,73.944883,15.142462,2.529724
1.023476,23-04-2025 00:55,571,73.944367,15.143341,1.023476
1.894348,23-04-2025 00:56,572,73.941378,15.144547,1.894348
1.006409,23-04-2025 01:00,573,73.933742,15.149484,1.006409
1.059486,23-04-2025 01:04,574,73.927836,15.153825,1.059486
1.430588,23-04-2025 01:05,575,73.92896,15.154989,1.430588
1.440407,23-04-2025 01:10,576,73.935588,15.164576,1.440407
1.471397,23-04-2025 01:15,577,73.936359,15.172405,1.471397
2.465683,23-04-2025 01:18,578,73.930027,15.177243,2.465683
1.408882,23-04-2025 01:21,579,73.924721,15.18042,1.408882
1.15934,23-04-2025 01:25,580,73.91664,15.184394,1.15934
2.373795,23-04-2025 01:29,581,73.916388,15.193267,2.373795
0.781075,23-04-2025 01:34,582,73.916139,15.202553,0.781075
0.589836,23-04-2025 01:39,583,73.917793,15.213131,0.589836
1.057335,23-04-2025 01:42,584,73.919508,15.219946,1.057335
-0.923058,23-04-2025 01:46,585,73.922861,15.227714,-0.923058
1.003044,23-04-2025 01:50,586,73.916789,15.234839,1.003044
-0.747688,23-04-2025 01:54,587,73.908951,15.23945,-0.747688
0.259995,23-04-2025 01:57,588,73.90343,15.242264,0.259995
0.397911,23-04-2025 01:58,589,73.903857,15.244007,0.397911
0.171059,23-04-2025 02:04,590,73.903859,15.256087,0.171059
0.817482,23-04-2025 02:07,591,73.902987,15.262237,0.817482
1.328506,23-04-2025 02:11,592,73.902595,15.27099,1.328506
0.100647,23-04-2025 02:15,593,73.904528,15.279682,0.100647
2.048058,23-04-2025 02:20,594,73.898876,15.285678,2.048058
0.664124,23-04-2025 02:24,595,73.890681,15.289246,0.664124
1.44873,23-04-2025 02:28,596,73.88449,15.295084,1.44873
-0.640556,23-04-2025 02:32,597,73.886198,15.303246,-0.640556
-1.662758,23-04-2025 02:37,598,73.888222,15.313381,-1.662758
0.717369,23-04-2025 02:40,599,73.890488,15.320398,0.717369
2.26844,23-04-2025 02:40,600,73.890889,15.321452,2.26844
1.14444,23-04-2025 02:44,601,73.888378,15.326625,1.14444
0.899208,23-04-2025 02:48,602,73.879957,15.329278,0.899208
-1.333015,23-04-2025 02:56,603,73.873669,15.34308,-1.333015
-0.741104,23-04-2025 03:01,604,73.874034,15.352571,-0.741104
-0.497604,23-04-2025 03:04,605,73.874233,15.358478,-0.497604
-0.380295,23-04-2025 03:05,606,73.874563,15.361919,-0.380295
1.601547,23-04-2025 03:10,607,73.866752,15.364322,1.601547
0.181931,23-04-2025 03:14,608,73.858794,15.362271,0.181931
2.417725,23-04-2025 03:19,609,73.849989,15.359628,2.417725
2.070091,23-04-2025 03:19,610,73.84982,15.359591,2.070091
1.276878,23-04-2025 03:28,611,73.831875,15.356052,1.276878
-0.884476,23-04-2025 03:33,612,73.822981,15.361408,-0.884476
1.230431,23-04-2025 03:42,613,73.810652,15.372593,1.230431
4.294281,23-04-2025 03:47,614,73.801813,15.376929,4.294281
0.633224,23-04-2025 03:50,615,73.798609,15.381044,0.633224
2.057991,23-04-2025 03:52,616,73.797192,15.384636,2.057991
4.395264,23-04-2025 03:56,617,73.793175,15.39145,4.395264
4.69342,23-04-2025 04:01,618,73.784626,15.395149,4.69342
3.540245,23-04-2025 04:06,619,73.776478,15.401112,3.540245
2.981194,23-04-2025 04:10,620,73.770313,15.404174,2.981194
4.093063,23-04-2025 04:15,621,73.765478,15.410677,4.093063
0.542007,23-04-2025 04:21,622,73.772357,15.419623,0.542007
1.32608,23-04-2025 04:25,623,73.777699,15.424136,1.32608
1.456116,23-04-2025 04:29,624,73.786381,15.426853,1.456116
2.006912,23-04-2025 04:33,625,73.794784,15.430383,2.006912
1.902275,23-04-2025 04:38,626,73.804173,15.431169,1.902275
1.278694,23-04-2025 04:42,627,73.810376,15.436185,1.278694
4.255165,23-04-2025 04:44,628,73.815143,15.439472,4.255165
5.054161,23-04-2025 04:46,629,73.819223,15.441801,5.054161
3.797371,23-04-2025 04:50,630,73.815729,15.44478,3.797371
3.894028,23-04-2025 04:54,631,73.806508,15.447186,3.894028
2.672661,23-04-2025 04:59,632,73.794391,15.449176,2.672661
5.97242,23-04-2025 05:02,633,73.788961,15.451192,5.97242
2.682106,23-04-2025 05:05,634,73.781516,15.455158,2.682106
4.65522,23-04-2025 05:10,635,73.782588,15.464388,4.65522
5.512169,23-04-2025 05:13,636,73.791014,15.465865,5.512169
6.384651,23-04-2025 05:15,637,73.794707,15.463433,6.384651
2.21962,24-04-2025 01:35,638,73.798189,15.462452,2.21962
4.335159,24-04-2025 01:40,639,73.791604,15.469256,4.335159
2.837837,24-04-2025 01:44,640,73.783132,15.469348,2.837837
0.487518,24-04-2025 01:48,641,73.774063,15.470817,0.487518
0.667442,24-04-2025 01:49,642,73.771938,15.471034,0.667442
2.123123,24-04-2025 01:53,643,73.764881,15.47172,2.123123
2.057335,24-04-2025 01:58,644,73.763919,15.475996,2.057335
2.300125,24-04-2025 02:03,645,73.763878,15.485881,2.300125
0.94471,24-04-2025 02:07,646,73.76267,15.494459,0.94471
0.462151,24-04-2025 02:11,647,73.755772,15.498436,0.462151
-0.434471,24-04-2025 02:15,648,73.751437,15.504689,-0.434471
0.305382,24-04-2025 02:19,649,73.756624,15.512123,0.305382
0.143623,24-04-2025 02:21,650,73.759221,15.515121,0.143623
-2.590889,24-04-2025 02:28,651,73.753509,15.524435,-2.590889
0.375061,24-04-2025 02:29,652,73.751267,15.52647,0.375061
-0.106331,24-04-2025 02:30,653,73.749742,15.528722,-0.106331
-1.430725,24-04-2025 02:31,654,73.748125,15.53056,-1.430725
-0.407982,24-04-2025 02:32,655,73.747194,15.532145,-0.407982
1.744225,24-04-2025 02:33,656,73.746288,15.533679,1.744225
1.545738,24-04-2025 02:34,657,73.74521,15.535502,1.545738
0.884148,24-04-2025 02:35,658,73.74463,15.537105,0.884148
2.126427,24-04-2025 02:37,659,73.744223,15.539995,2.126427
1.461998,24-04-2025 02:38,660,73.745135,15.540661,1.461998
0.383018,24-04-2025 02:40,661,73.744438,15.544078,0.383018
0.872803,24-04-2025 02:41,662,73.744844,15.547242,0.872803
0.736359,24-04-2025 02:43,663,73.74582,15.551513,0.736359
2.034531,24-04-2025 02:48,664,73.744958,15.558381,2.034531
0.991051,24-04-2025 02:53,665,73.735027,15.5645,0.991051
0.420914,24-04-2025 02:55,666,73.731778,15.56597,0.420914
2.261177,24-04-2025 02:59,667,73.727931,15.572896,2.261177
2.384575,24-04-2025 03:04,668,73.729915,15.581737,2.384575
0.805893,24-04-2025 03:09,669,73.729323,15.593152,0.805893
0.808441,24-04-2025 03:13,670,73.722708,15.598403,0.808441
1.865822,24-04-2025 03:17,671,73.719228,15.603077,1.865822
-0.055542,24-04-2025 03:19,672,73.719461,15.607338,-0.055542
0.627945,24-04-2025 03:21,673,73.719772,15.611577,0.627945
1.016151,24-04-2025 03:27,674,73.721502,15.621957,1.016151
-0.411888,24-04-2025 03:30,675,73.720827,15.628689,-0.411888
0.898857,24-04-2025 03:33,676,73.717022,15.630937,0.898857
1.65107,24-04-2025 03:33,677,73.715573,15.631716,1.65107
2.514046,24-04-2025 03:34,678,73.71384,15.6321,2.514046
-0.625961,24-04-2025 03:36,679,73.710778,15.634196,-0.625961
0.047333,24-04-2025 03:40,680,73.707169,15.639524,0.047333
1.182243,24-04-2025 03:52,681,73.708373,15.64794,1.182243
3.198753,24-04-2025 03:56,682,73.71012,15.656652,3.198753
3.124847,24-04-2025 04:00,683,73.705402,15.661611,3.124847
2.209023,24-04-2025 04:01,684,73.704724,15.662018,2.209023
1.206467,24-04-2025 04:03,685,73.701881,15.664043,1.206467
1.253319,24-04-2025 04:05,686,73.698041,15.667936,1.253319
1.155724,24-04-2025 04:12,687,73.691163,15.674207,1.155724
0.745964,24-04-2025 04:17,688,73.690975,15.682558,0.745964
2.129768,24-04-2025 04:24,689,73.694938,15.69099,2.129768
3.654449,24-04-2025 04:28,690,73.691421,15.695049,3.654449
3.67186,24-04-2025 04:33,691,73.68204,15.698329,3.67186
2.650917,24-04-2025 04:37,692,73.677061,15.701859,2.650917
2.189743,24-04-2025 04:41,693,73.680514,15.709139,2.189743
2.646507,24-04-2025 04:43,694,73.682417,15.712895,2.646507
2.230453,24-04-2025 04:44,695,73.683911,15.714567,2.230453
2.433128,24-04-2025 04:46,696,73.685951,15.711923,2.433128
2.705345,24-04-2025 04:50,697,73.690031,15.704732,2.705345
3.624702,24-04-2025 04:53,698,73.689803,15.698058,3.624702
2.741516,24-04-2025 04:54,699,73.689001,15.695391,2.741516
2.847031,24-04-2025 04:57,700,73.687422,15.68966,2.847031
2.785965,24-04-2025 05:01,701,73.685187,15.681037,2.785965
2.480103,24-04-2025 05:03,702,73.685891,15.678249,2.480103
5.598808,24-04-2025 05:10,703,73.696061,15.667128,5.598808
3.856834,24-04-2025 05:14,704,73.702429,15.661743,3.856834
6.920128,24-04-2025 05:18,705,73.709277,15.655039,6.920128
5.800667,24-04-2025 05:23,706,73.711303,15.647187,5.800667
4.579597,24-04-2025 05:26,707,73.709476,15.640447,4.579597
5.43335,24-04-2025 05:31,708,73.706806,15.63175,5.43335
5.814018,24-04-2025 05:33,709,73.706709,15.629654,5.814018
8.192886,24-04-2025 05:37,710,73.709899,15.622449,8.192886
8.527809,24-04-2025 05:42,711,73.718217,15.615445,8.527809
8.151825,24-04-2025 05:45,712,73.72325,15.610444,8.151825
6.161308,24-04-2025 05:49,713,73.726079,15.607884,6.161308
